Source,Target,Weight,Type,origine,servizi
min_interno,c_milano,5,Directed,ricostruita,"C001 – Servizio Notifica; C002 – Servizio Comunicazione; ANPR – Verifica Autocertificazione; ANPR – Accertamento Anagrafico; C004 – Verifica Decesso"
min_interno,c_roma,5,Directed,ricostruita,"C001 – Servizio Notifica; C002 – Servizio Comunicazione; ANPR – Verifica Autocertificazione; ANPR – Accertamento Anagrafico; C004 – Verifica Decesso"
min_interno,c_napoli,4,Directed,ricostruita,"C001 – Servizio Notifica; C002 – Servizio Comunicazione; ANPR – Verifica Autocertificazione; ANPR – Accertamento Anagrafico"
min_interno,c_bologna,3,Directed,ricostruita,"C001 – Servizio Notifica; C002 – Servizio Comunicazione; ANPR – Verifica Autocertificazione"
min_interno,c_genova,3,Directed,ricostruita,"C001 – Servizio Notifica; C002 – Servizio Comunicazione; ANPR – Verifica Autocertificazione"
min_interno,c_padova,2,Directed,ricostruita,"C001 – Servizio Notifica; ANPR – Verifica Autocertificazione"
min_interno,comuni_agg,5,Directed,ricostruita,"C001 – Servizio Notifica; C002 – Servizio Comunicazione; ANPR – Verifica Autocertificazione; ANPR – Accertamento Anagrafico; C004 – Verifica Decesso"
min_interno,r_lombardia,4,Directed,ricostruita,"C001 – Servizio Notifica; C002 – Servizio Comunicazione; ANPR – Verifica Autocertificazione; ANPR – Accertamento Anagrafico"
min_interno,r_lazio,3,Directed,ricostruita,"C001 – Servizio Notifica; C002 – Servizio Comunicazione; ANPR – Verifica Autocertificazione"
min_interno,r_campania,2,Directed,ricostruita,"C001 – Servizio Notifica; ANPR – Verifica Autocertificazione"
min_interno,inps,5,Directed,ricostruita,"C001 – Servizio Notifica; C002 – Servizio Comunicazione; ANPR – Verifica Autocertificazione; ANPR – Accertamento Anagrafico; C004 – Verifica Decesso"
min_interno,ade,4,Directed,ricostruita,"C001 – Servizio Notifica; ANPR – Verifica Autocertificazione; ANPR – Accertamento Anagrafico; C004 – Verifica Decesso"
min_interno,r_liguria,5,Directed,ricostruita,"C001 – Servizio Notifica; C002 – Servizio Comunicazione; ANPR – Verifica Autocertificazione; ANPR – Accertamento Anagrafico; C004 – Verifica Decesso"
min_interno,r_toscana,5,Directed,ricostruita,"C001 – Servizio Notifica; C002 – Servizio Comunicazione; ANPR – Verifica Autocertificazione; ANPR – Accertamento Anagrafico; C004 – Verifica Decesso"
min_interno,r_molise,5,Directed,ricostruita,"C001 – Servizio Notifica; C002 – Servizio Comunicazione; ANPR – Verifica Autocertificazione; ANPR – Accertamento Anagrafico; C004 – Verifica Decesso"
min_interno,r_puglia,5,Directed,ricostruita,"C001 – Servizio Notifica; C002 – Servizio Comunicazione; ANPR – Verifica Autocertificazione; ANPR – Accertamento Anagrafico; C004 – Verifica Decesso"
min_interno,pa_trento,5,Directed,ricostruita,"C001 – Servizio Notifica; C002 – Servizio Comunicazione; ANPR – Verifica Autocertificazione; ANPR – Accertamento Anagrafico; C004 – Verifica Decesso"
min_interno,r_abruzzo,5,Directed,ricostruita,"C001 – Servizio Notifica; C002 – Servizio Comunicazione; ANPR – Verifica Autocertificazione; ANPR – Accertamento Anagrafico; C004 – Verifica Decesso"
min_interno,r_emilia,5,Directed,ricostruita,"C001 – Servizio Notifica; C002 – Servizio Comunicazione; ANPR – Verifica Autocertificazione; ANPR – Accertamento Anagrafico; C004 – Verifica Decesso"
min_interno,r_piemonte,5,Directed,ricostruita,"C001 – Servizio Notifica; C002 – Servizio Comunicazione; ANPR – Verifica Autocertificazione; ANPR – Accertamento Anagrafico; C004 – Verifica Decesso"
min_interno,r_veneto,5,Directed,ricostruita,"C001 – Servizio Notifica; C002 – Servizio Comunicazione; ANPR – Verifica Autocertificazione; ANPR – Accertamento Anagrafico; C004 – Verifica Decesso"
min_interno,r_marche,5,Directed,ricostruita,"C001 – Servizio Notifica; C002 – Servizio Comunicazione; ANPR – Verifica Autocertificazione; ANPR – Accertamento Anagrafico; C004 – Verifica Decesso"
min_interno,r_umbria,5,Directed,ricostruita,"C001 – Servizio Notifica; C002 – Servizio Comunicazione; ANPR – Verifica Autocertificazione; ANPR – Accertamento Anagrafico; C004 – Verifica Decesso"
min_interno,r_vda,5,Directed,ricostruita,"C001 – Servizio Notifica; C002 – Servizio Comunicazione; ANPR – Verifica Autocertificazione; ANPR – Accertamento Anagrafico; C004 – Verifica Decesso"
min_interno,r_basilicata,5,Directed,ricostruita,"C001 – Servizio Notifica; C002 – Servizio Comunicazione; ANPR – Verifica Autocertificazione; ANPR – Accertamento Anagrafico; C004 – Verifica Decesso"
min_interno,r_sardegna,5,Directed,ricostruita,"C001 – Servizio Notifica; C002 – Servizio Comunicazione; ANPR – Verifica Autocertificazione; ANPR – Accertamento Anagrafico; C004 – Verifica Decesso"
min_interno,r_calabria,5,Directed,ricostruita,"C001 – Servizio Notifica; C002 – Servizio Comunicazione; ANPR – Verifica Autocertificazione; ANPR – Accertamento Anagrafico; C004 – Verifica Decesso"
min_interno,r_friuli,1,Directed,ricostruita,ANPR – Verifica Autocertificazione
min_interno,mef,2,Directed,ricostruita,"ANPR – Verifica Autocertificazione; ANPR – Accertamento Anagrafico"
min_interno,mur,1,Directed,ricostruita,ANPR – Verifica Autocertificazione
min_interno,agid,2,Directed,ricostruita,"ANPR – Verifica Autocertificazione; ANPR API Integrazione INAD"
min_interno,min_istruzione,2,Directed,ricostruita,"ANPR – Verifica Autocertificazione; ANPR – Accertamento Anagrafico"
min_interno,mit_dgmot,1,Directed,ricostruita,ANPR – Accertamento Anagrafico
min_interno,istat,1,Directed,ricostruita,ANPR – Accertamento Anagrafico
inps,c_milano,3,Directed,ricostruita,"Consultazione ISEE; SIUSS – Casellario Assistenza; Consultazione DURC"
inps,c_roma,3,Directed,ricostruita,"Consultazione ISEE; SIUSS – Casellario Assistenza; Consultazione DURC"
inps,c_napoli,3,Directed,ricostruita,"Consultazione ISEE; SIUSS – Casellario Assistenza; Consultazione DURC"
inps,c_bologna,2,Directed,ricostruita,"Consultazione ISEE; SIUSS – Casellario Assistenza"
inps,c_genova,1,Directed,ricostruita,Consultazione ISEE
inps,c_padova,1,Directed,ricostruita,Consultazione ISEE
inps,comuni_agg,3,Directed,ricostruita,"Consultazione ISEE; SIUSS – Casellario Assistenza; Consultazione DURC"
inps,r_lombardia,5,Directed,ricostruita,"Consultazione ISEE; SIUSS – Casellario Assistenza; Casellario Lavoratori Attivi; Casellario Pensionati; Consultazione DURC"
inps,r_lazio,3,Directed,ricostruita,"Consultazione ISEE; SIUSS – Casellario Assistenza; Consultazione DURC"
inps,r_campania,2,Directed,ricostruita,"Consultazione ISEE; SIUSS – Casellario Assistenza"
inps,r_friuli,1,Directed,ricostruita,Consultazione ISEE
inps,mur,1,Directed,ricostruita,Consultazione ISEE
inps,r_liguria,2,Directed,ricostruita,"Consultazione ISEE; SIUSS – Casellario Assistenza"
inps,r_toscana,2,Directed,ricostruita,"Consultazione ISEE; SIUSS – Casellario Assistenza"
inps,r_molise,2,Directed,ricostruita,"Consultazione ISEE; SIUSS – Casellario Assistenza"
inps,r_puglia,2,Directed,ricostruita,"Consultazione ISEE; SIUSS – Casellario Assistenza"
inps,pa_trento,2,Directed,ricostruita,"Consultazione ISEE; SIUSS – Casellario Assistenza"
inps,r_abruzzo,2,Directed,ricostruita,"Consultazione ISEE; SIUSS – Casellario Assistenza"
inps,r_emilia,2,Directed,ricostruita,"Consultazione ISEE; SIUSS – Casellario Assistenza"
inps,r_piemonte,2,Directed,ricostruita,"Consultazione ISEE; SIUSS – Casellario Assistenza"
inps,r_veneto,2,Directed,ricostruita,"Consultazione ISEE; SIUSS – Casellario Assistenza"
inps,r_marche,2,Directed,ricostruita,"Consultazione ISEE; SIUSS – Casellario Assistenza"
inps,r_umbria,2,Directed,ricostruita,"Consultazione ISEE; SIUSS – Casellario Assistenza"
inps,r_vda,2,Directed,ricostruita,"Consultazione ISEE; SIUSS – Casellario Assistenza"
inps,r_basilicata,2,Directed,ricostruita,"Consultazione ISEE; SIUSS – Casellario Assistenza"
inps,r_sardegna,2,Directed,ricostruita,"Consultazione ISEE; SIUSS – Casellario Assistenza"
inps,r_calabria,2,Directed,ricostruita,"Consultazione ISEE; SIUSS – Casellario Assistenza"
inps,mlps,3,Directed,ricostruita,"SIUSS – Casellario Assistenza; Casellario Lavoratori Attivi; Casellario Pensionati"
inps,ade,2,Directed,ricostruita,"Casellario Lavoratori Attivi; Casellario Pensionati"
inps,mef,2,Directed,ricostruita,"Casellario Lavoratori Attivi; Casellario Pensionati"
inps,inail,1,Directed,ricostruita,Casellario Lavoratori Attivi
inps,anac,1,Directed,ricostruita,Consultazione DURC
inps,unioncamere,1,Directed,ricostruita,Consultazione DURC
ade,inps,2,Directed,ricostruita,"VCF1 – Verifica Codice Fiscale; Verifica Partita IVA"
ade,c_milano,4,Directed,ricostruita,"VCF1 – Verifica Codice Fiscale; Verifica Partita IVA; ANNCSU – Anagrafe Immobiliare; Dati Catastali"
ade,c_roma,4,Directed,ricostruita,"VCF1 – Verifica Codice Fiscale; Verifica Partita IVA; ANNCSU – Anagrafe Immobiliare; Dati Catastali"
ade,c_napoli,3,Directed,ricostruita,"VCF1 – Verifica Codice Fiscale; ANNCSU – Anagrafe Immobiliare; Dati Catastali"
ade,c_bologna,3,Directed,ricostruita,"VCF1 – Verifica Codice Fiscale; ANNCSU – Anagrafe Immobiliare; Dati Catastali"
ade,c_genova,2,Directed,ricostruita,"VCF1 – Verifica Codice Fiscale; Dati Catastali"
ade,c_padova,1,Directed,ricostruita,VCF1 – Verifica Codice Fiscale
ade,comuni_agg,4,Directed,ricostruita,"VCF1 – Verifica Codice Fiscale; Verifica Partita IVA; ANNCSU – Anagrafe Immobiliare; Dati Catastali"
ade,r_lombardia,3,Directed,ricostruita,"VCF1 – Verifica Codice Fiscale; ANNCSU – Anagrafe Immobiliare; Dati Catastali"
ade,r_lazio,3,Directed,ricostruita,"VCF1 – Verifica Codice Fiscale; ANNCSU – Anagrafe Immobiliare; Dati Catastali"
ade,r_campania,2,Directed,ricostruita,"VCF1 – Verifica Codice Fiscale; Dati Catastali"
ade,agid,1,Directed,ricostruita,VCF1 – Verifica Codice Fiscale
ade,inail,2,Directed,ricostruita,"VCF1 – Verifica Codice Fiscale; Verifica Partita IVA"
ade,mef,3,Directed,ricostruita,"VCF1 – Verifica Codice Fiscale; Verifica Partita IVA; ANNCSU – Anagrafe Immobiliare"
ade,unioncamere,2,Directed,ricostruita,"VCF1 – Verifica Codice Fiscale; Verifica Partita IVA"
ade,anac,2,Directed,ricostruita,"VCF1 – Verifica Codice Fiscale; Verifica Partita IVA"
ade,istat,1,Directed,ricostruita,ANNCSU – Anagrafe Immobiliare
agid,min_interno,1,Directed,ricostruita,INAD – Domicili Digitali
agid,inps,2,Directed,ricostruita,"INAD – Domicili Digitali; Indice PA (IPA)"
agid,ade,2,Directed,ricostruita,"INAD – Domicili Digitali; Indice PA (IPA)"
agid,c_milano,2,Directed,ricostruita,"INAD – Domicili Digitali; Indice PA (IPA)"
agid,c_roma,2,Directed,ricostruita,"INAD – Domicili Digitali; Indice PA (IPA)"
agid,c_napoli,1,Directed,ricostruita,INAD – Domicili Digitali
agid,comuni_agg,2,Directed,ricostruita,"INAD – Domicili Digitali; Indice PA (IPA)"
agid,r_lombardia,1,Directed,ricostruita,INAD – Domicili Digitali
agid,pagopa,2,Directed,ricostruita,"INAD – Domicili Digitali; Indice PA (IPA)"
agid,anac,1,Directed,ricostruita,Indice PA (IPA)
agid,mef,1,Directed,ricostruita,Indice PA (IPA)
unioncamere,ade,1,Directed,ricostruita,Registro Imprese
unioncamere,inps,1,Directed,ricostruita,Registro Imprese
unioncamere,inail,1,Directed,ricostruita,Registro Imprese
unioncamere,c_milano,5,Directed,ricostruita,"Registro Imprese; Catalogo SSU – Metadati; Catalogo SSU – BO SUAP; SSU – ComUnica; SSU – Registro Imprese (circolarità)"
unioncamere,c_roma,5,Directed,ricostruita,"Registro Imprese; Catalogo SSU – Metadati; Catalogo SSU – BO SUAP; SSU – ComUnica; SSU – Registro Imprese (circolarità)"
unioncamere,c_bologna,5,Directed,ricostruita,"Registro Imprese; Catalogo SSU – Metadati; Catalogo SSU – BO SUAP; SSU – ComUnica; SSU – Registro Imprese (circolarità)"
unioncamere,comuni_agg,5,Directed,ricostruita,"Registro Imprese; Catalogo SSU – Metadati; Catalogo SSU – BO SUAP; SSU – ComUnica; SSU – Registro Imprese (circolarità)"
unioncamere,anac,1,Directed,ricostruita,Registro Imprese
unioncamere,mef,1,Directed,ricostruita,Registro Imprese
unioncamere,r_lombardia,2,Directed,ricostruita,"Registro Imprese; Catalogo SSU – BO Enti Terzi"
unioncamere,c_napoli,3,Directed,ricostruita,"Catalogo SSU – Metadati; Catalogo SSU – BO SUAP; SSU – Registro Imprese (circolarità)"
unioncamere,c_genova,1,Directed,ricostruita,Catalogo SSU – Metadati
unioncamere,min_interno,1,Directed,ricostruita,Catalogo SSU – BO Enti Terzi
unioncamere,r_lazio,1,Directed,ricostruita,Catalogo SSU – BO Enti Terzi
unioncamere,r_campania,1,Directed,ricostruita,Catalogo SSU – BO Enti Terzi
unioncamere,r_friuli,1,Directed,ricostruita,Catalogo SSU – BO Enti Terzi
unioncamere,r_sicilia,1,Directed,ricostruita,Catalogo SSU – BO Enti Terzi
inail,inps,1,Directed,ricostruita,INAIL – DURC
inail,c_milano,1,Directed,ricostruita,INAIL – DURC
inail,c_roma,1,Directed,ricostruita,INAIL – DURC
inail,comuni_agg,1,Directed,ricostruita,INAIL – DURC
inail,anac,1,Directed,ricostruita,INAIL – DURC
inail,unioncamere,1,Directed,ricostruita,INAIL – DURC
inail,r_lombardia,1,Directed,ricostruita,INAIL – DURC
anac,c_milano,2,Directed,ricostruita,"Banca Dati Contratti Pubblici; SIMOG"
anac,c_roma,2,Directed,ricostruita,"Banca Dati Contratti Pubblici; SIMOG"
anac,c_napoli,1,Directed,ricostruita,Banca Dati Contratti Pubblici
anac,c_bologna,1,Directed,ricostruita,Banca Dati Contratti Pubblici
anac,comuni_agg,2,Directed,ricostruita,"Banca Dati Contratti Pubblici; SIMOG"
anac,r_lombardia,1,Directed,ricostruita,Banca Dati Contratti Pubblici
anac,r_lazio,1,Directed,ricostruita,Banca Dati Contratti Pubblici
anac,mef,2,Directed,ricostruita,"Banca Dati Contratti Pubblici; SIMOG"
anac,ade,1,Directed,ricostruita,Banca Dati Contratti Pubblici
mit_dgmot,c_milano,3,Directed,ricostruita,"Consultazione Veicoli; Consultazione Patenti; CUDE – Contrassegno Disabili"
mit_dgmot,c_roma,3,Directed,ricostruita,"Consultazione Veicoli; Consultazione Patenti; CUDE – Contrassegno Disabili"
mit_dgmot,c_napoli,2,Directed,ricostruita,"Consultazione Veicoli; CUDE – Contrassegno Disabili"
mit_dgmot,comuni_agg,3,Directed,ricostruita,"Consultazione Veicoli; Consultazione Patenti; CUDE – Contrassegno Disabili"
mit_dgmot,r_lombardia,2,Directed,ricostruita,"Consultazione Veicoli; CUDE – Contrassegno Disabili"
mit_dgmot,inps,2,Directed,ricostruita,"Consultazione Veicoli; Consultazione Patenti"
mit_dgmot,c_bologna,1,Directed,ricostruita,CUDE – Contrassegno Disabili
min_giustizia,inps,1,Directed,ricostruita,Casellario Giudiziale
min_giustizia,ade,1,Directed,ricostruita,Casellario Giudiziale
min_giustizia,anac,1,Directed,ricostruita,Casellario Giudiziale
min_giustizia,c_milano,1,Directed,ricostruita,Casellario Giudiziale
min_giustizia,c_roma,1,Directed,ricostruita,Casellario Giudiziale
min_giustizia,comuni_agg,1,Directed,ricostruita,Casellario Giudiziale
min_giustizia,mef,1,Directed,ricostruita,Casellario Giudiziale
min_cultura,r_lombardia,3,Directed,ricostruita,"I.PaC – Gestione Risorse Digitali; I.PaC – Grafo Conoscenza; I.PaC – API IIIF"
min_cultura,r_lazio,2,Directed,ricostruita,"I.PaC – Gestione Risorse Digitali; I.PaC – Grafo Conoscenza"
min_cultura,r_campania,1,Directed,ricostruita,I.PaC – Gestione Risorse Digitali
min_cultura,r_sicilia,2,Directed,ricostruita,"I.PaC – Gestione Risorse Digitali; I.PaC – Grafo Conoscenza"
min_cultura,mur,3,Directed,ricostruita,"I.PaC – Gestione Risorse Digitali; I.PaC – Grafo Conoscenza; I.PaC – API IIIF"
min_cultura,istat,2,Directed,ricostruita,"I.PaC – Grafo Conoscenza; I.PaC – API IIIF"
mef,inps,2,Directed,ricostruita,"Anagrafe Dipendenti Pubblici; noiPA"
mef,ade,2,Directed,ricostruita,"Anagrafe Dipendenti Pubblici; noiPA"
mef,istat,2,Directed,ricostruita,"Anagrafe Dipendenti Pubblici; noiPA"
mef,agid,1,Directed,ricostruita,Anagrafe Dipendenti Pubblici
mef,mlps,1,Directed,ricostruita,Anagrafe Dipendenti Pubblici
ade_riscossione,c_milano,1,Directed,ricostruita,Situazione Debitoria
ade_riscossione,c_roma,1,Directed,ricostruita,Situazione Debitoria
ade_riscossione,comuni_agg,1,Directed,ricostruita,Situazione Debitoria
ade_riscossione,mef,1,Directed,ricostruita,Situazione Debitoria
ade_riscossione,ade,1,Directed,ricostruita,Situazione Debitoria
ade_riscossione,inps,1,Directed,ricostruita,Situazione Debitoria
mur,inps,1,Directed,ricostruita,ANIS – Anagrafe Studenti
mur,mef,1,Directed,ricostruita,ANIS – Anagrafe Studenti
mur,istat,1,Directed,ricostruita,ANIS – Anagrafe Studenti
mur,mlps,1,Directed,ricostruita,ANIS – Anagrafe Studenti
cineca,mur,3,Directed,ricostruita,"IFS01 – Offerta Formativa; IFS02 – Iscrizioni Accademiche; IFS03 – Titoli Accademici"
cineca,inps,3,Directed,ricostruita,"IFS01 – Offerta Formativa; IFS02 – Iscrizioni Accademiche; IFS03 – Titoli Accademici"
cineca,istat,1,Directed,ricostruita,IFS01 – Offerta Formativa
cineca,mef,2,Directed,ricostruita,"IFS02 – Iscrizioni Accademiche; IFS03 – Titoli Accademici"
cineca,mlps,1,Directed,ricostruita,IFS03 – Titoli Accademici
istat,r_lombardia,1,Directed,ricostruita,Dati Statistici Territoriali
istat,r_lazio,1,Directed,ricostruita,Dati Statistici Territoriali
istat,r_campania,1,Directed,ricostruita,Dati Statistici Territoriali
istat,r_sicilia,1,Directed,ricostruita,Dati Statistici Territoriali
istat,c_milano,1,Directed,ricostruita,Dati Statistici Territoriali
istat,c_roma,1,Directed,ricostruita,Dati Statistici Territoriali
istat,mef,1,Directed,ricostruita,Dati Statistici Territoriali
istat,agid,1,Directed,ricostruita,Dati Statistici Territoriali
istat,min_interno,1,Directed,ricostruita,Dati Statistici Territoriali
sogei,ade,1,Directed,ricostruita,Fatturazione Elettronica
sogei,mef,1,Directed,ricostruita,Fatturazione Elettronica
sogei,unioncamere,1,Directed,ricostruita,Fatturazione Elettronica
sogei,c_milano,1,Directed,ricostruita,Fatturazione Elettronica
sogei,c_roma,1,Directed,ricostruita,Fatturazione Elettronica
sogei,comuni_agg,1,Directed,ricostruita,Fatturazione Elettronica
pagopa,min_interno,1,Directed,ricostruita,PDND – Gestione Voucher
pagopa,inps,1,Directed,ricostruita,PDND – Gestione Voucher
pagopa,ade,1,Directed,ricostruita,PDND – Gestione Voucher
pagopa,agid,1,Directed,ricostruita,PDND – Gestione Voucher
pagopa,unioncamere,1,Directed,ricostruita,PDND – Gestione Voucher
pagopa,inail,1,Directed,ricostruita,PDND – Gestione Voucher
pagopa,anac,1,Directed,ricostruita,PDND – Gestione Voucher
pagopa,mef,1,Directed,ricostruita,PDND – Gestione Voucher
r_sicilia,r_lombardia,1,Directed,ricostruita,Consultazione Trasferimenti COT
r_sicilia,r_lazio,1,Directed,ricostruita,Consultazione Trasferimenti COT
r_sicilia,r_campania,1,Directed,ricostruita,Consultazione Trasferimenti COT
r_sicilia,mlps,1,Directed,ricostruita,Consultazione Trasferimenti COT
r_sicilia,inps,1,Directed,ricostruita,Consultazione Trasferimenti COT
r_friuli,c_milano,1,Directed,ricostruita,Consultazione Dettaglio Pratiche
r_friuli,comuni_agg,1,Directed,ricostruita,Consultazione Dettaglio Pratiche
r_friuli,r_lombardia,1,Directed,ricostruita,Consultazione Dettaglio Pratiche
pa_bolzano,istat,4,Directed,ricostruita,"Qualità Acque Fiumi; Qualità Acque Laghi; Ricerca Derivazioni d'Acqua; Ricerca Aree Nettarifere"
pa_bolzano,r_lombardia,4,Directed,ricostruita,"Qualità Acque Fiumi; Qualità Acque Laghi; Ricerca Derivazioni d'Acqua; Ricerca Aree Nettarifere"
pa_bolzano,r_friuli,2,Directed,ricostruita,"Qualità Acque Fiumi; Ricerca Derivazioni d'Acqua"
comuni_agg,inps,2,Directed,ricostruita,"WaaS – Welfare as a Service; Servizi Demografici"
comuni_agg,mlps,1,Directed,ricostruita,WaaS – Welfare as a Service
comuni_agg,agid,3,Directed,ricostruita,"Albo Pretorio Online; Amministrazione Trasparente; Protocollo Informatico"
comuni_agg,pagopa,1,Directed,ricostruita,Albo Pretorio Online
comuni_agg,unioncamere,1,Directed,ricostruita,Pratiche SUAP
comuni_agg,r_lombardia,3,Directed,ricostruita,"Pratiche SUAP; Protocollo Informatico; Dati Sensori IoT"
comuni_agg,r_lazio,2,Directed,ricostruita,"Pratiche SUAP; Protocollo Informatico"
comuni_agg,r_campania,1,Directed,ricostruita,Pratiche SUAP
comuni_agg,ade,3,Directed,ricostruita,"Numerazione Civica / Stradario; Servizi Demografici; Tributi e Posizioni Debitorie"
comuni_agg,istat,3,Directed,ricostruita,"Numerazione Civica / Stradario; Servizi Demografici; Dati Sensori IoT"
comuni_agg,min_interno,2,Directed,ricostruita,"Numerazione Civica / Stradario; Servizi Demografici"
comuni_agg,anac,1,Directed,ricostruita,Amministrazione Trasparente
comuni_agg,ade_riscossione,1,Directed,ricostruita,Tributi e Posizioni Debitorie
comuni_agg,mef,1,Directed,ricostruita,Tributi e Posizioni Debitorie
c_bologna,ade,1,Directed,ricostruita,Ricerca Edifici (catasto CT)
c_bologna,r_lombardia,1,Directed,ricostruita,Ricerca Edifici (catasto CT)
c_bologna,istat,1,Directed,ricostruita,Ricerca Edifici (catasto CT)
c_bologna,anac,1,Directed,ricostruita,Ricerca Gare e Appalti
c_bologna,mef,1,Directed,ricostruita,Ricerca Gare e Appalti
c_genova,agid,1,Directed,ricostruita,Protocollo – Conferma Protocollazione
c_genova,comuni_agg,1,Directed,ricostruita,Protocollo – Conferma Protocollazione
c_genova,r_lombardia,1,Directed,ricostruita,Protocollo – Conferma Protocollazione
c_padova,istat,1,Directed,ricostruita,Dati Statistici Cimiteri
c_padova,r_lombardia,1,Directed,ricostruita,Dati Statistici Cimiteri
mlps,inps,1,Directed,ricostruita,Servizi Lavoro e Politiche Sociali
mlps,comuni_agg,1,Directed,ricostruita,Servizi Lavoro e Politiche Sociali
mlps,r_lombardia,1,Directed,ricostruita,Servizi Lavoro e Politiche Sociali
mlps,r_lazio,1,Directed,ricostruita,Servizi Lavoro e Politiche Sociali
mlps,r_campania,1,Directed,ricostruita,Servizi Lavoro e Politiche Sociali
mlps,r_sicilia,1,Directed,ricostruita,Servizi Lavoro e Politiche Sociali
mlps,r_emilia,1,Directed,ricostruita,Servizi Lavoro e Politiche Sociali
mlps,r_piemonte,1,Directed,ricostruita,Servizi Lavoro e Politiche Sociali
mlps,r_veneto,1,Directed,ricostruita,Servizi Lavoro e Politiche Sociali
mlps,r_toscana,1,Directed,ricostruita,Servizi Lavoro e Politiche Sociali
mlps,r_puglia,1,Directed,ricostruita,Servizi Lavoro e Politiche Sociali
mlps,r_liguria,1,Directed,ricostruita,Servizi Lavoro e Politiche Sociali
mlps,istat,1,Directed,ricostruita,Servizi Lavoro e Politiche Sociali
mit,mit_dgmot,1,Directed,ricostruita,Servizi Infrastrutture e Trasporti
mit,comuni_agg,1,Directed,ricostruita,Servizi Infrastrutture e Trasporti
mit,r_lombardia,1,Directed,ricostruita,Servizi Infrastrutture e Trasporti
mit,r_lazio,1,Directed,ricostruita,Servizi Infrastrutture e Trasporti
mit,r_campania,1,Directed,ricostruita,Servizi Infrastrutture e Trasporti
mit,r_emilia,1,Directed,ricostruita,Servizi Infrastrutture e Trasporti
mit,istat,1,Directed,ricostruita,Servizi Infrastrutture e Trasporti
dfp,mef,1,Directed,ricostruita,Funzione Pubblica – Anagrafe Prestazioni
dfp,inps,1,Directed,ricostruita,Funzione Pubblica – Anagrafe Prestazioni
dfp,comuni_agg,1,Directed,ricostruita,Funzione Pubblica – Anagrafe Prestazioni
dfp,istat,1,Directed,ricostruita,Funzione Pubblica – Anagrafe Prestazioni
ag_demanio,mef,1,Directed,ricostruita,Demanio – Patrimonio Pubblico
ag_demanio,ade,1,Directed,ricostruita,Demanio – Patrimonio Pubblico
ag_demanio,comuni_agg,1,Directed,ricostruita,Demanio – Patrimonio Pubblico
ag_demanio,r_lombardia,1,Directed,ricostruita,Demanio – Patrimonio Pubblico
r_lombardia,comuni_agg,1,Directed,ricostruita,Servizi Regione Lombardia
r_lombardia,c_milano,1,Directed,ricostruita,Servizi Regione Lombardia
r_lombardia,mlps,1,Directed,ricostruita,Servizi Regione Lombardia
r_lombardia,inps,1,Directed,ricostruita,Servizi Regione Lombardia
r_lombardia,istat,1,Directed,ricostruita,Servizi Regione Lombardia
r_lazio,comuni_agg,1,Directed,ricostruita,Servizi Regione Lazio
r_lazio,c_roma,1,Directed,ricostruita,Servizi Regione Lazio
r_lazio,mlps,1,Directed,ricostruita,Servizi Regione Lazio
r_lazio,inps,1,Directed,ricostruita,Servizi Regione Lazio
r_lazio,istat,1,Directed,ricostruita,Servizi Regione Lazio
r_campania,comuni_agg,1,Directed,ricostruita,Servizi Regione Campania
r_campania,c_napoli,1,Directed,ricostruita,Servizi Regione Campania
r_campania,mlps,1,Directed,ricostruita,Servizi Regione Campania
r_campania,inps,1,Directed,ricostruita,Servizi Regione Campania
r_campania,istat,1,Directed,ricostruita,Servizi Regione Campania
r_liguria,comuni_agg,1,Directed,ricostruita,Servizi Regione Liguria
r_liguria,c_genova,1,Directed,ricostruita,Servizi Regione Liguria
r_liguria,mlps,1,Directed,ricostruita,Servizi Regione Liguria
r_liguria,inps,1,Directed,ricostruita,Servizi Regione Liguria
r_liguria,istat,1,Directed,ricostruita,Servizi Regione Liguria
r_toscana,comuni_agg,1,Directed,ricostruita,Servizi Regione Toscana
r_toscana,mlps,1,Directed,ricostruita,Servizi Regione Toscana
r_toscana,inps,1,Directed,ricostruita,Servizi Regione Toscana
r_toscana,istat,1,Directed,ricostruita,Servizi Regione Toscana
r_molise,comuni_agg,1,Directed,ricostruita,Servizi Regione Molise
r_molise,mlps,1,Directed,ricostruita,Servizi Regione Molise
r_molise,inps,1,Directed,ricostruita,Servizi Regione Molise
r_molise,istat,1,Directed,ricostruita,Servizi Regione Molise
r_puglia,comuni_agg,1,Directed,ricostruita,Servizi Regione Puglia
r_puglia,mlps,1,Directed,ricostruita,Servizi Regione Puglia
r_puglia,inps,1,Directed,ricostruita,Servizi Regione Puglia
r_puglia,istat,1,Directed,ricostruita,Servizi Regione Puglia
pa_trento,comuni_agg,1,Directed,ricostruita,Servizi Provincia Aut. Trento
pa_trento,mlps,1,Directed,ricostruita,Servizi Provincia Aut. Trento
pa_trento,inps,1,Directed,ricostruita,Servizi Provincia Aut. Trento
pa_trento,istat,1,Directed,ricostruita,Servizi Provincia Aut. Trento
r_abruzzo,comuni_agg,1,Directed,ricostruita,Servizi Regione Abruzzo
r_abruzzo,mlps,1,Directed,ricostruita,Servizi Regione Abruzzo
r_abruzzo,inps,1,Directed,ricostruita,Servizi Regione Abruzzo
r_abruzzo,istat,1,Directed,ricostruita,Servizi Regione Abruzzo
r_emilia,comuni_agg,1,Directed,ricostruita,Servizi Regione Emilia-Romagna
r_emilia,c_bologna,1,Directed,ricostruita,Servizi Regione Emilia-Romagna
r_emilia,mlps,1,Directed,ricostruita,Servizi Regione Emilia-Romagna
r_emilia,inps,1,Directed,ricostruita,Servizi Regione Emilia-Romagna
r_emilia,istat,1,Directed,ricostruita,Servizi Regione Emilia-Romagna
r_piemonte,comuni_agg,1,Directed,ricostruita,Servizi Regione Piemonte
r_piemonte,mlps,1,Directed,ricostruita,Servizi Regione Piemonte
r_piemonte,inps,1,Directed,ricostruita,Servizi Regione Piemonte
r_piemonte,istat,1,Directed,ricostruita,Servizi Regione Piemonte
r_veneto,comuni_agg,1,Directed,ricostruita,Servizi Regione Veneto
r_veneto,c_padova,1,Directed,ricostruita,Servizi Regione Veneto
r_veneto,mlps,1,Directed,ricostruita,Servizi Regione Veneto
r_veneto,inps,1,Directed,ricostruita,Servizi Regione Veneto
r_veneto,istat,1,Directed,ricostruita,Servizi Regione Veneto
r_marche,comuni_agg,1,Directed,ricostruita,Servizi Regione Marche
r_marche,mlps,1,Directed,ricostruita,Servizi Regione Marche
r_marche,inps,1,Directed,ricostruita,Servizi Regione Marche
r_marche,istat,1,Directed,ricostruita,Servizi Regione Marche
r_umbria,comuni_agg,1,Directed,ricostruita,Servizi Regione Umbria
r_umbria,mlps,1,Directed,ricostruita,Servizi Regione Umbria
r_umbria,inps,1,Directed,ricostruita,Servizi Regione Umbria
r_umbria,istat,1,Directed,ricostruita,Servizi Regione Umbria
r_vda,comuni_agg,1,Directed,ricostruita,Servizi Regione Valle d'Aosta
r_vda,mlps,1,Directed,ricostruita,Servizi Regione Valle d'Aosta
r_vda,inps,1,Directed,ricostruita,Servizi Regione Valle d'Aosta
r_vda,istat,1,Directed,ricostruita,Servizi Regione Valle d'Aosta
r_basilicata,comuni_agg,1,Directed,ricostruita,Servizi Regione Basilicata
r_basilicata,mlps,1,Directed,ricostruita,Servizi Regione Basilicata
r_basilicata,inps,1,Directed,ricostruita,Servizi Regione Basilicata
r_basilicata,istat,1,Directed,ricostruita,Servizi Regione Basilicata
r_sardegna,comuni_agg,1,Directed,ricostruita,Servizi Regione Sardegna
r_sardegna,mlps,1,Directed,ricostruita,Servizi Regione Sardegna
r_sardegna,inps,1,Directed,ricostruita,Servizi Regione Sardegna
r_sardegna,istat,1,Directed,ricostruita,Servizi Regione Sardegna
r_calabria,comuni_agg,1,Directed,ricostruita,Servizi Regione Calabria
r_calabria,mlps,1,Directed,ricostruita,Servizi Regione Calabria
r_calabria,inps,1,Directed,ricostruita,Servizi Regione Calabria
r_calabria,istat,1,Directed,ricostruita,Servizi Regione Calabria
min_istruzione,comuni_agg,1,Directed,ricostruita,Servizi Istruzione Scolastica
min_istruzione,mur,1,Directed,ricostruita,Servizi Istruzione Scolastica
min_istruzione,istat,1,Directed,ricostruita,Servizi Istruzione Scolastica
min_istruzione,mlps,1,Directed,ricostruita,Servizi Istruzione Scolastica
ispra,comuni_agg,1,Directed,ricostruita,Dati Ambientali e Protezione
ispra,istat,1,Directed,ricostruita,Dati Ambientali e Protezione
ispra,r_lombardia,1,Directed,ricostruita,Dati Ambientali e Protezione
ispra,r_lazio,1,Directed,ricostruita,Dati Ambientali e Protezione
ispra,r_emilia,1,Directed,ricostruita,Dati Ambientali e Protezione
ispra,pa_bolzano,1,Directed,ricostruita,Dati Ambientali e Protezione
ispra,pa_trento,1,Directed,ricostruita,Dati Ambientali e Protezione